{
  "layer": "philly_rail_stops",
  "datatype": "int8", 
  "type": "arg",
  "xmin": -8380166.547663,
  "xmax": -8344036.547663,
  "ymin": 4847397.210098,
  "ymax": 4886002.210098,
  "cols": 2000,
  "rows": 2000,
  "cellwidth": 18.065000,
  "cellheight": 19.302500,
  "epsg": 3785,
  "yskew": 0.0,
  "xskew": 0.0
}