{
  "layer": "hills",
  "datatype": "int32", 
  "type": "arg",
  "xmin": -13692482.900061,
  "xmax": -13469473.738321,
  "ymin": 5780070.121163,
  "ymax": 6107132.113155,
  "cols": 5746,
  "rows": 8427,
  "cellwidth": 38.811201,
  "cellheight": 38.811201,
  "epsg": 3785,
  "yskew": 0.0,
  "xskew": 0.0
}