{
    "cellheight": 38.563605428957885,
    "cellwidth": 38.563605428957885,
    "cols": 2896,
    "datatype": "float32",
    "epsg": 3857,
    "layer": "hills",
    "rows": 4208,
    "type": "arg",
    "xmax": -13469483.207945483,
    "xmin": -13581163.409267744,
    "xskew": 0,
    "ymax": 5942346.1189408,
    "ymin": 5780070.467295745,
    "yskew": 0
}
