{
  "layer": "hills_cropped",
  "datatype": "int32", 
  "type": "arg",
  "xmin": -13581163.409268,
  "xmax": -13469714.589578,
  "ymin": 5784736.663553,
  "ymax": 5858277.459106,
  "cols": 2890,
  "rows": 1907,
  "cellwidth": 38.563605,
  "cellheight": 38.563605,
  "epsg": 3785,
  "yskew": 0.0,
  "xskew": 0.0
}