{
  "layer": "hills",
  "datatype": "int32", 
  "type": "arg",
  "xmin": -13581163.409268,
  "xmax": -13469483.207945,
  "ymin": 5780070.467296,
  "ymax": 5942346.118941,
  "cols": 2896,
  "rows": 4208,
  "cellwidth": 38.563605,
  "cellheight": 38.563605,
  "epsg": 3785,
  "yskew": 0.0,
  "xskew": 0.0
}