{
    "cellheight": 5,
    "cellwidth": 5,
    "cols": 7226,
    "datatype": "int8",
    "epsg": 102100,
    "layer": "5m_philly_bars",
    "rows": 7721,
    "type": "arg",
    "xmax": -8344036.547663,
    "xmin": -8380166.547663,
    "xskew": 0,
    "ymax": 4886002.210098,
    "ymin": 4847397.210098,
    "yskew": 0
}
