{
  "layer": "short_philly_rail_stops",
  "datatype": "int8", 
  "type": "arg",
  "xmin": -8380166.547663,
  "xmax": -8344036.547663,
  "ymin": 4847397.210098,
  "ymax": 4886002.210098,
  "cols": 7226,
  "rows": 7721,
  "cellwidth": 5.000000,
  "cellheight": 5.000000,
  "epsg": 3785,
  "yskew": 0.0,
  "xskew": 0.0
}